symbol,date,market_cap,pe_ratio,pb_ratio,roe,roa,debt_to_equity,dividend_yield,revenue_growth,earnings_growth,sector
AAPL,2020-03-31,975314552805.6102,18.85114689227089,1.2479937819461828,16.720558717428354,7.5037837422360525,0.46870697411179285,0.9723265400707248,19.890538107478246,13.267540953680907,Technology
AAPL,2020-06-30,1016938583270.4634,21.1605654574133,4.97330565929655,24.00774223362246,4.374605603224863,0.8920320519309692,0.9299337276270339,13.316527496956365,17.27057798128923,Technology
AAPL,2020-09-30,925492766085.7976,10.79371227157166,0.9019359604291405,23.9493573736014,18.66900192856414,0.4739623886091684,1.846206314509454,5.311775516795951,25.230425189447935,Technology
AAPL,2020-12-31,810167320781.3038,8.70327287847617,0.9076118019235753,15.868208677156508,17.263382777430127,0.9535128626777232,1.678995435279448,5.222779461983695,-4.701431802352669,Technology
AAPL,2021-03-31,879375057131.7073,11.238953608281594,2.8360627076728053,6.320740327772931,10.26032421377891,1.5960107094268698,0.6080195566608368,1.9977010274302174,0.06645356441066674,Technology
AAPL,2021-06-30,928078078055.5492,29.36389657874847,4.881726945596355,10.70849156445874,3.235880434851242,0.33920080828126703,1.2564894652473804,15.283207700464839,7.972511315306939,Technology
AAPL,2021-09-30,931112622948.1337,30.165979618724734,4.5436482785964065,17.701226399016257,12.826705106512339,1.4928841177206038,1.782624130118753,-2.3267536481829056,-7.881645543976128,Technology
AAPL,2021-12-31,1012663488206.0339,26.226348243983267,0.7145216982522283,7.61093571928803,9.603276887615749,0.4462372698252508,1.7976734002221733,4.947393736634114,13.101768418524298,Technology
AAPL,2022-03-31,1033691419837.8463,29.870443868061944,4.857616769620492,21.96872399884274,5.6472888270391985,0.7897705524915702,0.3137314354047427,5.1344180443650185,12.452276376798448,Technology
AAPL,2022-06-30,1025496636428.2513,21.159049143168332,4.431645434222725,10.098476656401518,9.805809319838865,1.3009579685672976,1.9622001153457798,1.414692982696609,23.323382654160426,Technology
AAPL,2022-09-30,945984807933.7153,29.166476007892815,1.2870901620952202,22.49371904355979,6.33079302950485,0.989841523779622,1.5665522155778557,14.027904025447032,19.61363484314606,Technology
AAPL,2022-12-31,994582921938.7843,29.691728709123556,0.6564024261552371,17.014465443500463,19.741392478973424,1.6110976862132176,0.7316188734030982,3.550687951106555,18.192436316980775,Technology
AAPL,2023-03-31,1025917253513.2397,30.864731764570216,3.7398724902967047,17.138790109767445,6.130741087843666,1.240699038020362,1.9326098773222544,-2.1388738058067736,-8.73855447920031,Technology
AAPL,2023-06-30,962935401017.0433,19.328366490818624,3.1604079799340807,13.951428361734354,14.919016591346509,1.09339656781414,0.6942675741044932,18.823614244338902,-6.023980565829521,Technology
AAPL,2023-09-30,1032409068299.2278,30.43096059596738,1.7767138746159232,17.28871077276576,7.754872780544148,1.215956553225926,1.6905473502029855,-4.402464871545214,12.790591055382471,Technology
AAPL,2023-12-31,1109802181891.5952,13.428745493621769,4.415173285414045,28.924849648835302,16.90545413166472,0.1640253930226946,0.6055050345232966,1.8924188471292567,23.050325431075493,Technology
AAPL,2024-03-31,1301313674629.7734,20.303870059784188,3.6817623372559165,13.361713506387758,13.883223017778567,0.9184661588799746,1.8638455323928083,22.91455037765065,12.812336163586181,Technology
AAPL,2024-06-30,1398512630806.256,28.880417767275382,3.8404218724670365,22.660259461759743,19.53338498630415,1.7677895222560713,1.4906647361849212,-2.6288719265537197,4.201932193844989,Technology
AAPL,2024-09-30,1449795710383.9646,31.13381164179517,3.5235503597773077,24.288332196094192,2.7504386561077387,0.2017522378160805,1.8569892685509424,1.286690419154775,21.783578930482964,Technology
AAPL,2024-12-31,1167767809754.0146,22.802396769151073,2.0736040238511313,24.088547313222687,19.36803232566111,0.5917938404666414,0.7045372269931955,3.7989829041030827,15.785230468407203,Technology
TSLA,2020-03-31,1512273628281.4775,28.178267041574365,4.476455918758888,17.699399762600635,6.476358700502249,1.3647495474259115,3.1970725670380666,22.277454108132726,1.3995701407879366,Consumer Discretionary
TSLA,2020-06-30,1381360472675.4595,30.069016882667754,3.5179045576308687,25.999184237335662,3.8527946150080377,1.6717214039808115,2.3852882606226316,18.2360403843881,-0.27042900031646333,Consumer Discretionary
TSLA,2020-09-30,1270564971258.582,22.855905337227156,2.796816737219803,10.913319709491482,18.265769028947723,1.8944278716032354,1.1860181769165483,6.7280820982707485,22.18639364342733,Consumer Discretionary
TSLA,2020-12-31,1068518791522.0459,29.132295692967315,4.881498462960035,28.68378676974295,17.750316779495357,1.214521741959896,1.6894447303660298,10.674431903318219,20.84702350384655,Consumer Discretionary
TSLA,2021-03-31,1123289674561.1494,32.19347390103235,1.447052633846166,25.279752999580367,18.034941578877664,0.2273878808413974,4.789935057136002,10.066333043060276,8.315557836964548,Consumer Discretionary
TSLA,2021-06-30,1077366752498.8802,24.269637521508614,1.4616572875280252,21.590622552144787,16.559461187964583,0.7124577294668525,1.2775259743173706,22.451155739548277,8.701710248308633,Consumer Discretionary
TSLA,2021-09-30,1206060092580.8484,27.35862811738034,1.9479708174235713,5.511681637338926,10.440230634067994,0.5720867514817802,2.097780316305457,8.751623513842398,24.62909323312173,Consumer Discretionary
TSLA,2021-12-31,1273675346543.5427,28.702746176950782,1.3817409854370046,12.89835547846047,12.505579890858508,1.1743729119128332,2.728478102813316,23.568039961551616,17.707977056021534,Consumer Discretionary
TSLA,2022-03-31,1604003340073.3682,30.126286370505145,1.4597915014573972,17.79800464365215,17.469014041049817,1.4995815994725807,1.7527426867281752,12.676246382613407,-9.67879007558668,Consumer Discretionary
TSLA,2022-06-30,1460799704000.5725,9.277072275170218,1.0104809321517767,22.361250700232457,13.161414843917846,1.8406588784757942,3.5427961272886725,7.618051629400718,24.67763523859722,Consumer Discretionary
TSLA,2022-09-30,1409897081892.06,15.296332985114105,1.8751899019070755,16.38607638572961,12.991073064467212,0.7697477296806379,4.836207247085346,11.250316015119168,25.04932306845088,Consumer Discretionary
TSLA,2022-12-31,1386244981106.7969,29.66296268253314,0.7163787985420026,16.785363274093292,16.516559257845806,1.8225920107451048,3.1642741039316564,22.961018770454118,16.53247929126334,Consumer Discretionary
TSLA,2023-03-31,1453295234860.8103,28.41181580625619,3.498912532342546,7.084248566541314,6.266216095241365,1.4068241396733454,2.64157477256276,-4.074469833173275,19.534157135981765,Consumer Discretionary
TSLA,2023-06-30,1276918507357.05,10.144635532455581,1.3317278730153483,27.61192148054568,7.671308371893528,0.16514545039321232,0.08713890009699965,23.066388157735524,4.900827144864252,Consumer Discretionary
TSLA,2023-09-30,1139560996449.7585,13.762224818780663,4.449605484373367,28.741496690470857,19.78119714265614,0.17860533923664645,0.2518428248083826,20.73898621004662,-2.953704784357938,Consumer Discretionary
TSLA,2023-12-31,1366997211980.0208,23.164704428890474,3.1092878566539053,21.54868266601505,2.6764398340833147,0.6863818840268799,2.5707974688359654,0.2318004194650216,27.761278943060354,Consumer Discretionary
TSLA,2024-03-31,1362838655575.7583,26.11349392412441,2.345833176893937,12.787371699546236,7.2373506187886045,1.3590689180222155,4.517785283850588,20.088460963850828,3.9586307382640626,Consumer Discretionary
TSLA,2024-06-30,1418732312461.2197,27.109029359166502,2.873237161146535,16.009189243130034,7.341071215689544,0.25432947627300057,0.9621404935614097,11.992185635340391,19.146248578256184,Consumer Discretionary
TSLA,2024-09-30,1432174982073.2927,12.476696036209564,3.2095445030485963,26.616406764945044,18.734549422575988,1.7819163369214668,4.361802622987502,13.027980668747514,-0.2811416912548026,Consumer Discretionary
TSLA,2024-12-31,1403032709060.1545,28.167797591011713,3.760283872426133,9.166322541910583,5.506919613755926,0.30774049977360374,2.4934277001954843,4.646881182148558,26.00488131598133,Consumer Discretionary
MSFT,2020-03-31,594604362394.7571,8.435352825880921,3.9728635011471187,16.54064341272666,14.427795159832716,0.9169242931291919,1.1386190421924627,2.799970175390208,12.963814106154828,Technology
MSFT,2020-06-30,623509891979.5679,15.852049847326118,1.7611277381220936,13.17787005824003,5.613781479525556,0.5232280510636816,1.863049001725572,8.633641340833455,14.565655870174478,Technology
MSFT,2020-09-30,535358370862.2467,8.004819901506972,0.9694832253419801,25.76957840524282,3.9683695199744724,0.49285334333460906,1.8256491895668827,19.234481569307007,-7.8690223869040565,Technology
MSFT,2020-12-31,572496391160.098,25.37325882276361,2.820571511050993,14.122657792857611,10.956635278723125,0.3870006228557724,1.9095509600789569,0.14481587162415632,-2.5562849366166462,Technology
MSFT,2021-03-31,513365388449.25525,16.44694033390867,0.6793273999270084,20.356887343347076,6.340183810176469,1.9448570889209038,0.22841143684436682,-2.6801363428793588,-3.031416130359381,Technology
MSFT,2021-06-30,494750450264.4162,22.645975897564895,3.8636963445300343,18.976436772612004,17.486624015863256,1.2277758245788082,0.2771544946126079,0.5702220613421805,4.304693203779305,Technology
MSFT,2021-09-30,500782491216.9787,31.60209665589608,0.8359717980251016,22.167817051050385,10.40996109205181,0.42887436166832893,0.16317668699366727,4.458697517736095,22.82411705403166,Technology
MSFT,2021-12-31,551880772205.446,25.296355601452074,2.5794188070570017,26.136926360590202,5.258572139323495,0.6301215722907213,1.1081429077713425,12.688752736587496,2.8373952261144986,Technology
MSFT,2022-03-31,505116443885.83185,8.298301022643445,4.572928387679384,16.0375846562603,6.159228774218594,0.7266765312173548,1.0353102482274688,23.393615311989883,18.838890039263415,Technology
MSFT,2022-06-30,515818096236.72626,33.601030227865806,1.0043282518851513,9.456960736379727,8.534392063154407,0.5641978485993487,1.9140774023033225,0.13562412395525492,-3.2024470694415585,Technology
MSFT,2022-09-30,625424616279.1052,18.240754708376286,0.6967369482412472,24.146170354520507,19.01792861364312,1.6399353835728958,1.680177523120425,20.437112551236766,20.380191388880753,Technology
MSFT,2022-12-31,630375898819.9698,29.746697564745475,0.8449966741485662,6.365131175170456,3.354190496610605,1.2238898482717322,0.4824833326905844,-4.154958743281428,-6.937051173949511,Technology
MSFT,2023-03-31,654591144589.3455,11.85724395266432,4.305867794812725,29.816589095824295,9.941452101857955,1.1215123197110834,0.5198230791223206,14.66637405142679,26.599745467566393,Technology
MSFT,2023-06-30,626896780946.2905,12.88124679991892,4.789331932010029,10.533907066768709,6.786808319988089,1.831983821287784,1.1867519113500224,-4.049313399728217,22.118089839566018,Technology
MSFT,2023-09-30,721473295592.5204,12.36729289488775,4.428196418000802,24.571473222048716,19.233606549657118,0.8767089730281536,1.0367108013990027,16.051902442104506,-5.824424086645328,Technology
MSFT,2023-12-31,791081616764.9648,13.679959849495933,1.7971383115578745,28.62788902763461,2.024463500022682,1.9885369090197442,0.7911685200837553,14.448699391876772,6.42933721458445,Technology
MSFT,2024-03-31,704064866104.0225,13.996215390776879,1.6961087287429395,10.538956900964825,2.2381762679729684,1.7376464033699093,1.3618697002013704,10.472612579072482,-4.122582350535562,Technology
MSFT,2024-06-30,703199550132.0717,9.099333866100501,2.230809989421328,5.132955189492176,3.028275996631643,0.23949246644827987,1.631594781333285,16.785545493987847,2.3799091719053713,Technology
MSFT,2024-09-30,644552603770.5708,23.26948269339178,4.370649283722054,16.926192350557415,4.672676975704663,0.40123659855860183,0.11400063419865525,17.210927423083056,5.9699056800506725,Technology
MSFT,2024-12-31,573468488819.1125,32.78661676058971,1.8953173745031169,24.95768510690424,10.91389104958809,1.712443485754778,1.122520619038739,0.7716476079424526,22.04433517506815,Technology
AMZN,2020-03-31,489483290748.9232,19.045613183305512,3.0198225097080407,13.863920500306257,13.605973443828898,0.45617254220840575,3.94953139952608,13.055648381337765,4.070939831828344,Consumer Discretionary
AMZN,2020-06-30,446557094325.3778,22.360425874409067,2.3178304471677755,26.872760999129895,11.834298831599497,1.598367950222857,3.974662867918322,17.018483914505936,20.032081600015378,Consumer Discretionary
AMZN,2020-09-30,475613637281.1886,27.11079701805591,0.7428157294481879,21.191226790779144,10.676331344105906,0.3705651049219194,2.3654591056531746,22.67023611919129,25.041092364106575,Consumer Discretionary
AMZN,2020-12-31,469211734161.4065,10.331887778573636,2.4823186867375577,17.738567903912738,14.439382815824226,1.5565299052676795,4.142449463565138,12.89115288916246,25.288770467069305,Consumer Discretionary
AMZN,2021-03-31,459885617431.19806,20.38295381972675,1.225281709813511,19.352312364721804,14.254148532149229,1.3939549924795478,2.4521765427767157,16.507082362050433,-5.426624779442419,Consumer Discretionary
AMZN,2021-06-30,471256179789.3076,33.589365160672365,4.294429930501032,26.375859170298277,2.5948264538280457,0.5357543327440103,0.49635118217236707,20.96199309992537,19.996171924646195,Consumer Discretionary
AMZN,2021-09-30,471127583927.01196,21.821626628290197,3.7180755224715587,12.335429290410396,7.227851854641215,1.1101253271861313,2.62785645874366,-1.6353767937782626,18.50721286943298,Consumer Discretionary
AMZN,2021-12-31,441159607365.85767,12.81958693717085,4.324324917465171,24.329917101865497,19.656322056660215,0.4250497787937656,4.72252093910907,16.980222108404448,25.249063393228575,Consumer Discretionary
AMZN,2022-03-31,448551333123.2749,8.795695389863276,1.31868106986594,27.10669735720127,9.394996266456815,1.3758553356001402,2.4195760121561545,9.20892040420932,15.991765070262772,Consumer Discretionary
AMZN,2022-06-30,453737218360.708,19.73908308173216,0.5931907337151792,25.012875498387576,6.922162147947983,1.3756516904074816,3.2908185447033467,-0.661636353987916,-3.4146806502671367,Consumer Discretionary
AMZN,2022-09-30,372467969397.8305,15.381647795057637,1.891712504753626,11.361117314308654,3.993380062322922,0.26693793036231034,4.400151737036989,19.44620978125354,9.771082490461772,Consumer Discretionary
AMZN,2022-12-31,355450811522.02704,16.634697775098367,3.5901898423608785,7.728669114191093,3.8282595165407303,0.3681614176491895,3.460396101577417,19.646433545124523,11.45116498700499,Consumer Discretionary
AMZN,2023-03-31,345273441647.8867,30.21910456732049,2.8066665995309683,16.278111221448153,13.863437003184396,0.7739852809087321,0.02153996448458151,23.223017086399057,18.42338539510657,Consumer Discretionary
AMZN,2023-06-30,318087912193.50354,33.86680874476748,4.325173255252068,14.348487757025122,8.815031640530819,0.3740041149766338,4.036487020922413,13.591362265068692,0.23200333610956392,Consumer Discretionary
AMZN,2023-09-30,326392359787.50525,17.43528049323246,2.315159875173072,18.427500927712245,2.801710588431556,0.5290918556434551,1.614446821755418,-4.722118954517737,2.6291652718555802,Consumer Discretionary
AMZN,2023-12-31,333296176744.27515,22.72319169260777,0.5867797142348998,18.295795575235903,16.395839419502302,0.37750130166127427,4.807006966244897,7.449693500827259,7.5330310494201385,Consumer Discretionary
AMZN,2024-03-31,258186291874.3594,25.614190334470702,1.3006407427939817,28.010164053216204,17.629725667861294,1.3250628055946196,3.9467843948343635,16.25585948567423,8.975214553701374,Consumer Discretionary
AMZN,2024-06-30,272123430258.84418,12.200907897187733,1.95902038562298,27.111971364740306,13.98551690363352,1.7440475690116393,4.389266504466376,10.817977106289568,7.4611014333473165,Consumer Discretionary
AMZN,2024-09-30,233348709403.7613,33.54722705877258,1.1763764137845776,8.794800971003728,8.970169883104031,1.6235728273696,4.261160142238566,19.764342083603207,13.280454266799822,Consumer Discretionary
AMZN,2024-12-31,190129985478.63263,31.158281620873368,1.3675207154179507,19.966228959377645,7.913875352825051,0.6188862305123582,0.49821568025407326,5.943952224610925,-8.603970589993772,Consumer Discretionary
GOOGL,2020-03-31,1176692293060.5596,15.580186276678813,0.8370142904966635,9.978734011971092,16.761151329978553,1.3082409944216469,1.1545690762304601,11.15612500603848,19.96189982586834,Technology
GOOGL,2020-06-30,1123698178571.219,13.29984241850288,1.443761214720334,8.255250458636826,8.107744327269884,0.6203938186674106,1.830337362767724,-4.627128229502371,8.965806395389592,Technology
GOOGL,2020-09-30,1196870558240.7751,34.08315974926255,0.8118399333700366,9.877078139836591,19.98245246398172,0.6956177724442879,0.11116186432530362,23.010867341516118,6.136165605656867,Technology
GOOGL,2020-12-31,1251440267159.4956,15.857721001739236,1.1777268106047836,15.629928317851503,8.620319894966357,1.8558449864123294,0.4236879257051023,-2.4059873183438043,1.0581179523007211,Technology
GOOGL,2021-03-31,1030881007878.6646,16.430847441172396,2.2908156201216956,26.812006715613176,13.92905938625678,1.1016366627084162,0.8058739943390163,-2.888844306228121,25.38120795465874,Technology
GOOGL,2021-06-30,1105626923738.9185,11.466294019735814,1.3391628591668443,16.2535799109473,4.523564248792612,1.3161704824555212,0.9886595282701085,9.933933685220662,28.682530480662777,Technology
GOOGL,2021-09-30,1258424017392.2605,24.45401417725357,1.6678741056960753,6.574865761292821,12.097112129192196,0.9483919898644985,0.24624093648867973,20.78542171499616,9.870617215679452,Technology
GOOGL,2021-12-31,1394972578282.1938,20.252850264963733,2.378138495055461,23.443919500030834,2.9318547036411564,0.5090918779587805,1.8046446840696821,-3.794640122840037,14.429977665563523,Technology
GOOGL,2022-03-31,1457572534242.5972,22.340023692817972,3.4531642242949077,9.293818446462879,13.534460532211769,1.585125141929384,0.35145002968878036,18.682902953072812,-5.12911119204023,Technology
GOOGL,2022-06-30,1255073642132.2505,15.095002188222912,2.1281693058922353,12.783235844029154,15.20842521463264,0.6109267722164998,1.5014667675552875,-3.286636372726667,2.743114184484149,Technology
GOOGL,2022-09-30,1253793933643.052,20.697861894406763,3.8878330588495547,6.345175758142078,14.610685103259152,0.2224035567430656,1.1051213707751522,13.345196871286166,-4.214356688442993,Technology
GOOGL,2022-12-31,1373906704959.6335,30.97532781967184,3.060197239695282,8.869194488911178,17.495786999767006,1.667093825864058,1.3414188957342659,7.164467128515664,9.767407925358004,Technology
GOOGL,2023-03-31,1257100529825.204,24.07630147864879,3.299188239157749,10.552436245597068,4.3155995208661055,0.41311158985608454,0.04230830183645118,17.533147005326292,22.378297141155258,Technology
GOOGL,2023-06-30,1416775122451.705,29.589383397655766,4.684933156087126,7.119270739081744,18.752335230938495,1.0535228748226086,0.7867386502845963,-0.7442466483295531,9.330040952695022,Technology
GOOGL,2023-09-30,1360494253398.5498,34.400551313589865,4.6254771566755775,27.181073878264463,9.372176928466432,1.7263545536906657,0.25087289335992313,22.32268562392128,24.186714709080277,Technology
GOOGL,2023-12-31,1423620546725.6777,23.853457059173525,3.4805405958245954,13.767922579442311,19.079101886289216,0.22684847251854454,1.781999096268075,2.843303091582711,22.20359980099476,Technology
GOOGL,2024-03-31,1374225410627.9368,16.04735047097374,4.936626294556918,20.39682702959757,8.475097140275425,1.8250101834496382,1.4144547592106234,16.1043010002913,9.455484393726646,Technology
GOOGL,2024-06-30,1232472026555.322,21.440897920781467,3.7883338518500733,5.252865052635573,9.871000789117527,1.9643551038517664,1.307472621581516,6.3650977785263,-3.1956108071709144,Technology
GOOGL,2024-09-30,1218277315449.742,25.02897019301944,4.924101126431175,17.403856654510662,8.544925111900135,0.5822048955242889,1.5321381337385593,8.914432241384288,19.005628461859754,Technology
GOOGL,2024-12-31,972548991320.1367,15.658787867142708,2.170807826706581,28.892987693202283,6.201897127248489,0.7053243556761175,1.0176050229309934,10.774205424560224,-7.338445703831886,Technology
NVDA,2020-03-31,1722875615941.4138,12.18389295529315,2.78157907471625,24.91034505628367,14.6874103329305,0.9083257115472022,0.247742583340536,23.646683494818703,3.4686647173496574,Technology
NVDA,2020-06-30,1667284112114.8306,10.784473899669893,2.0141283739686964,22.426661763332753,6.518818314565554,0.44758840818108336,0.5272405399678661,11.551973916032708,24.983284875397388,Technology
NVDA,2020-09-30,1530177882401.511,34.43707807293833,4.453886162969054,6.61919107036527,18.323696254950903,0.6404496939949044,0.6459044816627686,5.154065133280417,-7.199956163722914,Technology
NVDA,2020-12-31,1530915209153.4155,29.022741615784607,1.321299321186367,10.200549011646263,15.834908369153649,0.21436043684509168,0.6719224279413298,11.83233615342031,-5.36845097169683,Technology
NVDA,2021-03-31,1273704053699.1794,16.685793751543244,1.716941072479606,13.478248869888139,9.054538366583266,0.34354505471250246,0.4155663269391985,22.31480655980099,27.780917752892243,Technology
NVDA,2021-06-30,1177002134868.6763,34.800971897079485,2.6539686112887115,8.388918439325023,14.307882136569447,1.8799719791603104,0.062007505207413605,-4.338723626321274,14.501406058975014,Technology
NVDA,2021-09-30,1187867868397.0947,18.190571375783165,0.9454126114037655,23.647036121918134,3.959962937468307,0.6203475118892698,1.4544818999337126,13.545369491118812,8.904652436906645,Technology
NVDA,2021-12-31,1157290427376.903,9.321235227743033,3.933737892558232,25.63397129991923,3.8393643654110003,1.9737834950878708,0.6947765734259752,7.731183062370032,6.579585011723385,Technology
NVDA,2022-03-31,1302319406590.7249,23.142327295059637,4.016023611901825,28.199410043376353,16.791405725116817,1.4698047497892488,0.10111181367195621,2.4542992415097533,-5.805721303724223,Technology
NVDA,2022-06-30,1577532437308.6484,31.077737020444317,3.434517278990164,5.839473458326936,15.018577002576114,0.7403872422840212,1.0868028161682792,12.392498442079123,-3.507412928152842,Technology
NVDA,2022-09-30,1390744821378.1887,24.602088739403815,4.5034060536646,20.380692783309705,14.306207094281262,1.3627691423713804,0.16892293315140994,3.992981279035723,6.070286713427496,Technology
NVDA,2022-12-31,1153713041152.0664,19.999143734756416,4.289018721451249,18.135451149736348,16.679569369334455,1.8223956236508745,1.3919283577282953,-1.6014066224848644,-1.9623607398935228,Technology
NVDA,2023-03-31,1204737121919.9712,21.929263658547494,4.859733041492952,14.197575694527368,2.737059572848488,0.5848126278406013,0.5694730310930267,10.372760935980379,-9.713038081094645,Technology
NVDA,2023-06-30,1378943213742.9011,34.68301771563196,0.7786563924560514,10.805506612131628,14.104086732632547,1.9573827944467024,1.0236788912885946,5.253461882070816,-3.5010589112605217,Technology
NVDA,2023-09-30,1511240108622.0183,23.00619359143714,2.0960001158380814,10.963241327847769,11.260707634668696,0.9388748395277139,0.18690440146551035,-4.811068203690789,13.801377535411223,Technology
NVDA,2023-12-31,1532532487514.2908,31.176441385461615,3.2397699228906034,13.158853838022429,4.757940429263203,1.5041965419851955,1.4043121483099652,20.40722937401344,29.314692303770002,Technology
NVDA,2024-03-31,1513630374641.7944,17.28187418161491,2.919672942844982,6.330769266794416,6.963664838151406,1.6088795092071435,0.09673316104681362,19.536285998517105,-2.6143538314656167,Technology
NVDA,2024-06-30,1463262604923.092,16.237073155223094,3.7313400938831096,24.115122935163733,5.794687224591683,0.8702121923087445,0.4837782054236519,10.398810183023425,16.096065276742372,Technology
NVDA,2024-09-30,1450989099587.6475,22.466484850632234,2.38538159478063,17.847955441622766,4.591977361638142,0.17693106193378913,0.12633363935701247,24.18470425047843,-7.042652138734566,Technology
NVDA,2024-12-31,1229808871129.089,18.422699014207353,4.062375787742478,26.265468940352527,6.832486306376994,1.3159904797284763,1.44791923238077,22.477047012722355,25.56494138187381,Technology
META,2020-03-31,1224298471556.4287,17.613364288228414,4.776734002173974,29.943229214378682,18.794668133767047,0.7568310335320201,0.4846571605408341,9.793763319863396,21.392110821704012,Technology
META,2020-06-30,1406001204885.8992,15.293728597093548,2.3297038351594135,8.785777795262735,14.628701847926308,1.5010718034547106,0.9911768515171888,17.12139381421074,15.776530367878856,Technology
META,2020-09-30,1454329600353.3474,17.63533165232121,3.7834260337028254,6.418988121890635,10.573883886507469,1.9353062272250865,1.410407351746316,24.95844355903936,5.71401438337174,Technology
META,2020-12-31,1587100457612.0146,18.608540220799625,0.7680013934201364,14.01730460705403,4.541741475227473,0.8514539927994719,0.003781371037968828,8.147126755585068,27.566013906770664,Technology
META,2021-03-31,1495722692228.313,15.291436714927922,1.8914986123840827,7.317201366446165,19.8550514057905,1.3689061661238315,1.476897244270928,15.841587536032307,8.602380376374672,Technology
META,2021-06-30,1643247522537.118,30.040949703882667,1.5698512496049504,14.703790325058051,7.865479062792679,1.9099854430226804,0.07806993524870043,-2.738430813330679,28.244626868343694,Technology
META,2021-09-30,1845204845047.482,30.120829403585144,4.625835085783119,27.403962878889867,18.01660383288315,1.6936332615632947,0.24076208852264824,14.05943362177387,9.64355190634793,Technology
META,2021-12-31,2144250684323.9512,29.074155166232288,4.798169458635155,14.11175780206218,15.586134736224986,0.5030162724057663,0.8429123104929392,16.693432463101,-6.516147351074073,Technology
META,2022-03-31,2195778904153.7927,34.56349304461061,0.650940953378983,19.095367926977637,17.874669917979013,1.489003231352009,1.7086845421067502,15.951844786012366,-9.033194906365187,Technology
META,2022-06-30,2246460245062.126,31.711510493638038,3.2797830747567907,11.186666661796995,14.236892789308595,1.0773548323280882,1.4347754217192075,9.184663866750808,-5.901038358229109,Technology
META,2022-09-30,2349986729080.3984,27.275784824475153,3.954085633673691,17.80752829029438,14.849465190777568,0.5021643327787656,0.9375409677878972,15.74864267149901,22.19727564281635,Technology
META,2022-12-31,2535115512772.6543,34.137541518162465,4.373417648498153,6.038290116044021,5.181720039914635,1.3909372151180477,0.16417337872883642,24.859870193254874,8.846822159287697,Technology
META,2023-03-31,2516294734042.0483,19.621876661836566,1.5782015156670715,7.621019089770746,14.106774903146189,1.9559376850358852,0.6102101867066958,22.85714513546932,-9.875481064183322,Technology
META,2023-06-30,2595072633297.4683,25.89795511659879,2.8880762345125053,14.227346758428828,9.5155303173492,1.2413969778855705,1.1160770914122022,10.245349188855277,29.319653488081265,Technology
META,2023-09-30,2479481875365.6616,32.769505836429204,2.715895925371152,5.351156632927421,16.147593205568555,0.7703547655682227,1.997770121982078,11.315460209321003,0.8142619891912606,Technology
META,2023-12-31,2662773146642.716,28.303068299522295,1.7515917126757776,5.617927501578522,3.735638835350267,1.3486913822651967,0.4281759042326896,2.133570993874047,-4.042556462608347,Technology
META,2024-03-31,2942274052169.457,21.871194894316794,1.4720670753369176,11.188996335389135,8.808132556195112,1.9930478473059003,0.3478537239690118,19.086573703411656,24.627122486787513,Technology
META,2024-06-30,2766810647002.867,33.792959588916844,3.2215831509725597,7.502643176263447,2.417053740870446,0.9415207349366785,0.7014609031742356,20.867602654516734,13.881698696224248,Technology
META,2024-09-30,2888525194336.86,14.13973422545368,1.3981070694907736,14.882497416050438,2.527465521995669,1.0448789509965661,0.5452006993776652,-3.629928474787405,8.983302476914886,Technology
META,2024-12-31,3283761749002.9814,25.307153896730775,0.9532567775039977,20.214119089465328,18.972940316593085,0.8154137720572269,1.963452746852359,18.45839927328419,-9.615337389053046,Technology
BRK.B,2020-03-31,2267044007190.9155,18.56114736169487,2.4985578189636684,17.968618508691172,19.380977114933952,0.5150592329037478,4.573046204035399,24.275620380307867,6.994074182741418,Financial Services
BRK.B,2020-06-30,2650802927132.0684,14.673953314743034,2.5783241069128517,7.539465016146162,16.78558283548694,0.6979843470975328,1.5212141100782444,15.202031015400383,12.45211528965337,Financial Services
BRK.B,2020-09-30,2579279867868.797,20.167900819312663,1.9207438886178836,12.069438178247822,19.889932113306276,0.8655589529655732,2.53486082021382,6.9140282977980085,19.051234232637295,Financial Services
BRK.B,2020-12-31,3301803708496.795,12.69334837316945,0.7342109988654335,29.35098157466453,11.64108876721231,1.1462016471065124,2.3344021733842486,-3.503273787487027,17.06719106452193,Financial Services
BRK.B,2021-03-31,3001006345079.8696,22.135387329727834,1.5512132436057346,21.001852579654262,14.022121671623195,0.6636096007975416,0.47051071607052186,18.937488447862407,15.458129445631933,Financial Services
BRK.B,2021-06-30,3122465236231.412,24.313309736127312,3.1911117722916016,22.981117904891896,6.111300137474885,0.8728261783846577,1.1075800022580555,-2.865833841181468,26.26775303973335,Financial Services
BRK.B,2021-09-30,2818250339524.215,9.072261231681098,3.953159105336261,7.933782544311947,3.5914115943944163,0.26596460138306943,3.2215864045168567,0.07653980870476929,13.137415565264629,Financial Services
BRK.B,2021-12-31,2549600336506.622,13.424620227198758,4.264428367440143,9.67652207811667,9.736450179243933,1.1495938567330841,4.400969124879886,1.45334794350922,14.818483050028526,Financial Services
BRK.B,2022-03-31,2772871550287.9497,28.935116784468406,2.303586035671965,15.39455577849763,2.1168325410351603,1.692349624765949,4.027050437217058,12.056584771910288,5.0169703482436425,Financial Services
BRK.B,2022-06-30,2839738812392.8057,29.733230156109563,3.246212980324524,9.745792462467438,6.361449439523782,1.2507787435807312,3.3903008253903404,-1.6016618237195521,23.587899515662684,Financial Services
BRK.B,2022-09-30,2490849548271.057,23.267401463099837,4.443279478472665,6.37760644494643,5.977726263172462,1.1701438597243787,0.009251730489671095,0.39325950068198523,-0.5311402576738686,Financial Services
BRK.B,2022-12-31,2544704538098.8403,31.87020093091757,2.85893692422519,20.80459129410438,2.055284835422309,0.8347932354003066,2.2358851713839307,20.166651556958737,-2.2134395510425575,Financial Services
BRK.B,2023-03-31,2766566703255.313,10.471536047740292,3.526304903052407,15.581347993319074,18.704495669358906,0.4807972791128641,0.3356568717434777,11.005739924379654,26.70435834259773,Financial Services
BRK.B,2023-06-30,2541429580115.2944,13.495324199824399,4.256859690390634,13.484181954263434,3.7821871446536273,1.2206562599202004,2.6097105899762485,20.151745214459055,-5.88259851233814,Financial Services
BRK.B,2023-09-30,2912514802168.0684,34.86314211929053,1.9762525055987963,6.114847159309187,9.402055563224652,0.9824231896649862,1.844760361770978,13.913993729690695,0.633822255116927,Financial Services
BRK.B,2023-12-31,3413460543688.38,12.94482019622425,2.5374582935646606,23.174035920798154,18.046434738082617,1.361036248747144,1.8867948258645206,17.398832981138945,-2.445779702666524,Financial Services
BRK.B,2024-03-31,3439101721805.6636,15.311784754228004,3.6151698840761286,15.410363994914096,13.161137753950467,1.360967630955046,1.9660400843204466,24.579353655561864,8.281505098214904,Financial Services
BRK.B,2024-06-30,4074414763138.218,34.57087228034979,1.5584284967311206,9.174018083211017,13.35529178692856,1.1393934512331332,2.701595575960612,24.850836776992324,-9.957268612682473,Financial Services
BRK.B,2024-09-30,3394637452679.8853,19.5543069032748,4.721721043615325,25.213231554591026,5.629793637821031,1.4380615721222567,2.8981695612692704,7.242857710945076,3.6784439752250897,Financial Services
BRK.B,2024-12-31,3309814659931.7124,24.157141406186927,2.6106857771272067,18.743238337773956,15.913490985872725,1.9373222653253475,2.0542492757302866,7.795706207062169,23.626437196441444,Financial Services
JPM,2020-03-31,611706355684.0354,16.00825799887836,1.0522416509215886,23.632016735125646,18.178723835570615,1.0539700205038802,0.9589084461483888,4.3038446716593715,-6.624544341361065,Financial Services
JPM,2020-06-30,514473228525.63525,30.425029661403048,2.8432188320508867,29.467176634526837,15.903105330529296,1.479741196499609,2.1899891274083867,5.463203889375595,1.0379536209553741,Financial Services
JPM,2020-09-30,519811408641.7021,21.985359063212456,1.2983646077692081,13.742978522260616,7.266127166168068,1.5088013524893806,2.441555706471408,18.318539774764155,-6.320288815407822,Financial Services
JPM,2020-12-31,469435533609.65265,16.53386785685392,1.8423155129349023,16.459377207350606,9.25404534317497,0.595983433361044,4.0894759485339645,22.201390662433823,21.003379841086844,Financial Services
JPM,2021-03-31,513376658489.98627,17.064586557088532,4.6331342046466055,21.21581739182287,18.010468749006534,0.9605032038046174,2.060477275305085,-2.690945044981039,3.495406295725033,Financial Services
JPM,2021-06-30,608840781251.0768,18.417900675352115,2.723964169160719,16.8782849208619,18.522585274538436,1.0638897023068612,4.226473726813433,-1.1474829881745299,12.885340656693192,Financial Services
JPM,2021-09-30,547642976200.9852,14.61823835661083,2.7515408859701798,18.031381344407603,18.201225050470885,0.4125284459602131,1.5236630234674071,2.2022001642611393,21.303897642248874,Financial Services
JPM,2021-12-31,565863759219.9794,13.829514001148668,4.544344035543571,28.263687477748572,4.015631943877406,0.5120609194726747,1.9216312129710966,21.012886797097583,-5.123259389561401,Financial Services
JPM,2022-03-31,650813362904.1149,27.523988640809353,2.1038381312229624,29.07939781124492,8.344414407071678,1.2656748610235131,3.0768521454055806,19.012982694634697,4.273828614251883,Financial Services
JPM,2022-06-30,598414025509.7174,19.078280383995377,2.3819185291596576,6.467665803135312,15.18764823487414,1.5604280500630225,4.103110594997639,16.43137776746566,13.70130642047933,Financial Services
JPM,2022-09-30,727843068762.2091,8.217701600562389,2.515530739805034,5.992823854423791,10.790737319922489,0.3825949799480348,0.04665906443174661,16.91397003731668,18.181633544029232,Financial Services
JPM,2022-12-31,806274553304.5226,18.44076662075723,0.794623144647513,29.37313259200515,4.714864399864217,1.0278084756936559,1.360377679324133,-1.0293364305517914,10.5113983941262,Financial Services
JPM,2023-03-31,779835759493.4873,24.37554920028874,2.240765933759479,17.98623759144248,6.176160398015046,1.4224077135244955,3.1727366234470074,15.788909196451613,3.5903220086557894,Financial Services
JPM,2023-06-30,705504789833.7556,33.39295865211707,3.308159427560563,8.180588071484555,19.5512570929639,1.1809093201748164,3.492071872573729,6.166961049147336,7.691149620092524,Financial Services
JPM,2023-09-30,764754580664.2156,33.93269842716643,4.954941433364099,19.881218863024237,3.574104609951753,1.1990241376033166,1.0221017843182563,14.450161491503234,3.42686912478959,Financial Services
JPM,2023-12-31,811185651304.8579,22.097773673135343,3.4742162491717297,27.707865159559926,16.2691480804488,0.14015701629160796,0.7650215408690991,21.062411517173203,19.728947638360744,Financial Services
JPM,2024-03-31,849870866788.232,23.864953713335694,3.987149059586181,25.335384677525113,14.131746686305956,1.455122495934226,3.3334535800508607,-0.4703413789257542,17.382569906739143,Financial Services
JPM,2024-06-30,773680312592.8704,20.720355711882206,4.9000931613594485,22.720995861717082,8.734380593440497,1.8290983681581212,1.1518980776333203,9.02274163068727,-7.454910908894479,Financial Services
JPM,2024-09-30,861153762471.909,21.620503605100563,1.4299704235119637,17.360062616484132,10.26514176106994,0.1415018456041884,0.8118756754893813,22.05676491387041,21.55786700149313,Financial Services
JPM,2024-12-31,1054565953326.7476,11.237143137759054,4.8772455017543725,16.63272679847084,15.500126366095047,1.1294017186303578,3.8216165133312936,14.87302969331909,-7.395522733530515,Financial Services
JNJ,2020-03-31,1777277468053.1335,26.53987880136703,3.6541894209232444,7.176625251072467,18.29065246859192,1.5191760964511902,4.920182624372066,7.981733411622212,-6.551207034256747,Healthcare
JNJ,2020-06-30,1686699789232.5588,32.453194531753866,4.1579128989661935,5.005562455038849,11.540471575163533,0.11420307561709246,1.7575095511897143,21.083392097830302,16.95245684396079,Healthcare
JNJ,2020-09-30,1752178700226.6045,28.902361792585538,2.687835115226733,17.569704147929997,12.763835697123607,0.36714182762760106,3.2172089441688416,20.670633389257326,-3.6192712185980502,Healthcare
JNJ,2020-12-31,1989424945332.2766,18.17478752514668,4.641361400428931,12.784981358347828,17.753606133210766,1.318315896628316,4.217186949009678,-0.7176665218705915,21.480867613326645,Healthcare
JNJ,2021-03-31,2012537380501.3096,15.554825658390927,3.385188938249141,24.116218044657394,8.21153903062202,1.6904751981454453,2.7585519994739838,17.589232190491323,19.005432748247124,Healthcare
JNJ,2021-06-30,1977531512793.2056,11.737078859760079,3.7915584900275547,25.657582379885433,2.630368386767797,0.40853221321813904,2.602048548343922,-3.234908799578826,4.643770626505521,Healthcare
JNJ,2021-09-30,1649033449158.6401,30.041083381638554,3.119826163903351,21.750183701212876,7.536041198238795,1.0343998110433703,1.8533464054852118,9.917951823250679,17.530693854448856,Healthcare
JNJ,2021-12-31,1752322355493.294,20.172467691327245,0.8000394263076991,14.271573453454712,17.99335098181019,1.6640776124153618,4.164586156647915,0.432974502717542,-6.825167316450567,Healthcare
JNJ,2022-03-31,1883570035034.3694,21.723252696418477,3.592233700841825,28.272275276849,4.323935877311128,0.4220570011310639,2.9493327172669446,16.204084127625084,15.743634271465492,Healthcare
JNJ,2022-06-30,2116448738907.93,14.856489684359808,3.299855549381719,19.005765820707683,2.4347199493770364,1.2824744873180522,2.255628684770086,20.599302141008767,16.21335809353747,Healthcare
JNJ,2022-09-30,2359286572920.52,25.9241107934396,1.627492158893725,16.689416158484015,14.103980978443179,1.6593219912372432,1.416759174934075,16.795071107086176,17.311984484187562,Healthcare
JNJ,2022-12-31,2432887046474.638,11.973055384228179,1.1880797430396055,17.542474216265514,9.400689602500364,0.35380093282953673,0.43828730817576544,21.928799954393266,-2.338021036525144,Healthcare
JNJ,2023-03-31,2344336001290.786,10.241765347889334,1.1218257565207619,18.135773069117057,14.588909875433238,1.7045135584046776,4.312539686206665,11.350860322784406,1.4719689907385636,Healthcare
JNJ,2023-06-30,1873893176039.5,23.648236504473587,3.303470612497433,12.172671745042695,14.009980883142571,0.43094732826104376,1.4790680401744505,22.90203337782174,10.401159593062587,Healthcare
JNJ,2023-09-30,1993330640484.929,14.202287132332314,0.6568407519905497,26.797565242346487,9.81957242810649,1.5770048439494473,4.272463172269231,12.205125902327886,-6.12415313587916,Healthcare
JNJ,2023-12-31,1852286611427.6096,16.645986255356267,1.6381608369304228,20.104247974339707,9.395489190508851,0.8832809526910902,3.2728644800903095,-4.044689331781961,-4.7086987394461355,Healthcare
JNJ,2024-03-31,1745654424699.258,25.290395950781186,4.016594124604654,20.446279994648993,12.736946791489745,1.6246854248881402,0.44147484530592584,17.264442751288957,25.702122186701644,Healthcare
JNJ,2024-06-30,1725115565175.732,25.4411661545379,3.577925049820186,21.079059491895446,16.828492731389442,0.8538870535252668,4.290655403649264,3.1029547360065663,-5.392928571168523,Healthcare
JNJ,2024-09-30,2151558252023.2415,25.16190102969388,3.0404689861535656,10.173028773764361,17.582689939649384,0.5007488176151275,4.128654006794481,16.424668006443092,4.210046498750737,Healthcare
JNJ,2024-12-31,1970048137267.0364,19.39506181990072,4.161727313820314,29.6305128932121,6.377611420493896,1.4085223325330458,0.37158540482389313,-2.5749094085049187,8.0392338993536,Healthcare
PG,2020-03-31,457712627656.0055,16.79693548768662,1.8448810661918045,7.332066498805924,12.93388065268384,0.5814120906118433,1.7351838219122002,5.0837505919294586,3.584897943581101,Consumer Staples
PG,2020-06-30,400116728986.4558,31.744047873951335,2.619357111415157,17.749411207753965,16.112663629154444,0.6849698495377503,3.8026155851347756,0.4147657136435612,18.334068400195864,Consumer Staples
PG,2020-09-30,425516937747.933,20.658730825786073,0.7936415055059696,20.0240871484259,14.445470426151623,0.4840217315609504,4.6764218825118595,1.823022990676474,2.4535562399532793,Consumer Staples
PG,2020-12-31,399144237263.4503,27.871476338288574,1.4015684755808657,28.032250897514157,13.537313653134449,1.5227961104853194,0.5948645575138645,19.65081832301289,12.753421622017662,Consumer Staples
PG,2021-03-31,470183494514.3687,21.357936427113522,4.258844600922126,28.490384444825203,6.012759550561327,0.21527135692590074,3.8652791165087104,9.420635840511762,-7.677921627909026,Consumer Staples
PG,2021-06-30,522079702238.9941,10.406410842869159,1.524871613767392,5.11362684603988,10.461131632361898,0.8035702600294499,0.22860346741499282,2.23005351846402,19.601311912778158,Consumer Staples
PG,2021-09-30,602753948797.9492,18.24279497961478,2.7697357114612604,17.694802252785088,8.261806614128808,1.4105048916827692,2.863071242676974,23.310884400087005,-9.727337898357904,Consumer Staples
PG,2021-12-31,680053225830.2191,31.89886697002269,4.7708175533589845,8.680403809599214,5.9952545501261225,0.19602896224446287,1.1753798833388691,14.178637278406576,-1.3274723211645334,Consumer Staples
PG,2022-03-31,694130035186.6005,8.422343321134646,3.2866371193738835,13.686445270702706,17.22583271270596,1.8432049761280325,2.492360136339692,23.579380427192,24.669888471721904,Consumer Staples
PG,2022-06-30,674901899683.6156,10.609115353746951,2.102538474289501,13.511106413529552,7.465692341382965,1.6150785210754135,1.5046144977598748,6.376217171830435,-6.569215566271627,Consumer Staples
PG,2022-09-30,618949365647.7325,31.46641166569502,4.092642070242259,12.556798983007562,2.0821583567014352,0.2358514668537174,1.0897954025619583,9.944678413781375,19.24965507716296,Consumer Staples
PG,2022-12-31,634644955486.1481,10.671151399103092,3.6874631009698846,18.66664024315706,13.153584511481021,1.8627791400450848,4.764654820086982,17.12067239446441,17.70656567864812,Consumer Staples
PG,2023-03-31,694856281737.9453,8.27709313542188,4.985074733600086,20.92334841195549,10.796093316676794,0.9602419899267537,1.1710761540977739,9.309249474587967,19.33854717842232,Consumer Staples
PG,2023-06-30,787753526501.0331,14.864911005456594,4.303557391232374,10.26797225417602,17.45059428754918,1.20958524239064,4.188275608407285,7.508379502035968,2.851091371557226,Consumer Staples
PG,2023-09-30,726708561068.0116,33.72506329323713,3.832318572269982,15.736827544304672,5.122324450115272,1.1574293409511898,2.9784615780811015,24.061200384306915,19.74992372082216,Consumer Staples
PG,2023-12-31,843427031402.1295,14.84871257799858,1.6785510161945068,19.50279133508873,4.148012755801089,1.4214405375521968,0.3958982846177356,12.200497746240579,29.295066967638867,Consumer Staples
PG,2024-03-31,872751997133.1373,33.10816020820561,1.2296917521450192,10.713721133978076,18.637636708325307,0.6218794776608949,1.8986353564959706,-3.7525606186173466,25.97015376023326,Consumer Staples
PG,2024-06-30,897718994303.0984,9.94842985403238,2.8836117716859087,10.489678365639541,2.4948324801613344,0.6507818786125308,3.3202445976349,-2.324939604296067,24.052767504813318,Consumer Staples
PG,2024-09-30,883640473431.9229,18.903745289714443,4.139272597110091,28.298885011554386,13.320702930397452,1.3941243879752043,4.38349856670728,8.634414326612124,18.292124212282506,Consumer Staples
PG,2024-12-31,915007025284.3877,23.59789847783567,3.6275503285023913,27.05893920692245,16.21786481944948,0.34213197971444953,4.659958442223691,-3.500236751988722,20.26697545094904,Consumer Staples
KO,2020-03-31,960122782509.2063,13.239097515447513,4.674406259938843,15.274642225247149,14.94816039393833,1.6673534338145124,4.76573279807012,8.850091966630835,16.843265690560614,Consumer Staples
KO,2020-06-30,956047496035.7684,17.8357391421415,1.7759492940988877,22.170902610642298,9.276040672061558,1.1876233363387514,0.992930904356929,16.442453213170946,28.775670320004096,Consumer Staples
KO,2020-09-30,1115481297556.7969,31.06585316025037,1.182017575580446,14.836845119728713,5.127198438273979,1.1381522767234011,3.0818105490042007,22.418445136724177,23.235394193006535,Consumer Staples
KO,2020-12-31,1446880327796.8035,25.454809370453898,3.9860340429888854,20.716850238625224,12.276173269486026,0.19068956310682564,0.12192153549740847,20.56553198483,1.2776081715717869,Consumer Staples
KO,2021-03-31,1375782391770.0703,9.145248084718691,4.82717402275648,7.5751360155236105,19.42750531984352,1.4449828937580418,4.7153297399862355,-3.4318227565697637,7.897880209451969,Consumer Staples
KO,2021-06-30,1123229471858.5642,33.72414531682101,3.40898102339091,18.670019769646164,14.08796897321687,0.45389738996763407,3.729740520005256,3.2709592549132296,1.2671225198046976,Consumer Staples
KO,2021-09-30,1112427521020.422,9.458983463858711,0.5713322649711459,24.169586270769635,2.4843971450726534,0.281865330889719,3.033032300095513,9.247572653365356,4.6419430620321265,Consumer Staples
KO,2021-12-31,1141379130457.0342,17.60191514736618,4.367872209298394,6.946714769587765,18.670370333997813,0.5479203806950004,2.438491069147037,23.710272250983582,15.552905108794288,Consumer Staples
KO,2022-03-31,1099152296526.7427,24.177772949270953,3.002873794926782,20.416041327412806,4.2035871181200655,1.3264194370470888,1.070718923744236,4.579230409657001,11.815825898048754,Consumer Staples
KO,2022-06-30,1227137982563.274,13.751515051092287,4.514904816284463,15.43903528606786,4.9785666975983185,0.21554232264972067,3.9072056385820186,19.849119895235546,-6.799671904336493,Consumer Staples
KO,2022-09-30,1504702267333.6304,32.52339961553309,0.7171902825128411,13.688294207900057,4.149143662696936,0.9144137396564801,1.8608065188430616,12.860313275901682,17.005398334986648,Consumer Staples
KO,2022-12-31,1621075411130.265,34.04220175468459,1.2328583574252128,24.980426385805487,17.228855192580482,1.1736346390977803,3.938926079469188,5.4893012694396095,-8.614178802781641,Consumer Staples
KO,2023-03-31,1611068597341.823,31.634728316995176,4.810519981938506,15.065459170794355,13.813719684428468,0.676364516784963,2.2278707648639333,13.620373564439209,24.247346744807587,Consumer Staples
KO,2023-06-30,1599003054101.2803,19.52301110251986,3.6454916195937868,11.218594144763387,7.9146030316628435,0.517022620857127,4.325228598058809,-1.4452911754429287,20.799079538687046,Consumer Staples
KO,2023-09-30,1861065927513.56,31.677375415634852,2.8886375773785398,6.895939346727432,18.760278031841917,0.7410112651722185,0.14886827725793583,10.994869618386042,4.337564928710256,Consumer Staples
KO,2023-12-31,2133711176764.5847,32.61768450300966,2.7981570507425655,6.334459119087361,6.285174261408281,0.5240321328891062,3.8203357049906006,-3.024048060262361,3.019502510975588,Consumer Staples
KO,2024-03-31,2399294065611.4883,25.48562759431221,3.017138017273621,9.392891080174335,14.137966542687924,1.9067994959294614,0.20548192341982907,5.855015988411941,1.6634198289840576,Consumer Staples
KO,2024-06-30,2824787371261.094,11.999257632706843,1.689864290965133,5.635919656601583,13.569696309696203,1.2636382306474903,2.5171935340938365,4.420878281361643,29.047988916673503,Consumer Staples
KO,2024-09-30,3128717081565.333,16.264177118508265,3.898481548405829,5.147770512423861,14.18321309697889,1.521522793302515,1.34955856878294,24.943569110792215,9.93051473686181,Consumer Staples
KO,2024-12-31,3275624467403.118,17.97339284779184,1.3324202266985488,8.886029185723984,5.719515679797233,1.1186770741253942,2.682781886086481,10.914641610227333,24.38066961290086,Consumer Staples
WMT,2020-03-31,482867996437.8919,29.941476753561183,3.127326371581764,18.89166917056393,18.650505320286022,1.0259275612561005,4.735050977991493,-0.9759108876720299,5.990631725066695,Consumer Staples
WMT,2020-06-30,442566963943.6341,30.201882810992338,1.1764733001565908,9.389237159510534,8.871306941947498,1.8644642902364945,0.9097266115628194,23.668733214259728,16.879348571790075,Consumer Staples
WMT,2020-09-30,435082938016.31805,22.167368019723764,2.370517465089656,24.77035170993619,12.066184148467503,1.9501318587671221,0.5595867405049315,22.448955074916736,5.182698315679568,Consumer Staples
WMT,2020-12-31,442827074494.82196,21.699846819891185,4.339427969048468,22.120738521513186,19.030989041846688,1.9708648114161371,3.2077153593868775,11.793490368129163,0.11922344923862482,Consumer Staples
WMT,2021-03-31,409996752142.8832,29.189495351046215,3.2696113862275085,23.394038769893193,16.69230739768306,1.79737266417381,0.7347629773776793,21.252236243241956,15.829965323955474,Consumer Staples
WMT,2021-06-30,383004691835.7509,32.78594507848703,4.679244212463825,15.66593830327029,14.855304161065831,1.6692775843506962,1.2874451845078339,9.58090566465577,0.37055387734394785,Consumer Staples
WMT,2021-09-30,400664110637.4605,23.45133843850803,2.299850902957507,10.314014086787118,5.4105307486753205,0.6309922154832118,4.910742043628413,23.87720671358966,23.791737280361794,Consumer Staples
WMT,2021-12-31,386933039870.0173,9.84652094062347,4.243360298766067,23.890911062553954,18.894999881316508,0.9870310428202721,2.574528932932773,12.031239669806983,11.838552085375479,Consumer Staples
WMT,2022-03-31,360255510485.3121,27.21788686998078,4.606506658021996,21.65961150650814,16.92429017864616,1.0904289775005995,2.525692486517323,24.564180331725407,29.781802987590964,Consumer Staples
WMT,2022-06-30,349833595489.0304,24.43572045299617,2.168952250875197,14.310838086515771,14.093605514929326,0.5263052510308225,4.901136657294965,16.38975808253622,-3.5548566196725595,Consumer Staples
WMT,2022-09-30,313108487056.30414,10.3239099638825,3.4017567645205156,7.61020592283947,9.13100250775001,1.3720787229012141,0.8061936063680925,21.524432591182723,-2.602715722484268,Consumer Staples
WMT,2022-12-31,300132990786.08484,24.486946485496624,4.657052902034256,7.3842250166565995,3.8892157611550298,0.3388210578255173,1.7876443288088595,15.147700989122558,11.545169767752132,Consumer Staples
WMT,2023-03-31,332561196977.5331,20.055401373917945,2.0869017508869474,14.561229231319087,8.468256587192664,1.0723291211859949,1.9012187995058265,4.585148348338308,2.84096462420262,Consumer Staples
WMT,2023-06-30,289160411954.11646,13.912856358490263,1.4441013857473788,12.151594063430778,19.500623781328787,0.4879296761406977,2.2229183940400605,22.25605878442081,-9.539874133314598,Consumer Staples
WMT,2023-09-30,323424867836.26794,12.523865838262111,4.157230341767077,21.152657556069588,16.783093042618127,0.23475175476472326,0.3548609200069358,-0.710497897144533,29.15873071624047,Consumer Staples
WMT,2023-12-31,338917116889.18494,31.74363745438179,3.0756379221947685,18.211069117198434,6.591693148238141,0.5026182145010011,1.1725219349525555,16.901861811431225,15.360922092578573,Consumer Staples
WMT,2024-03-31,388819904780.1102,9.601017581525934,0.6630122185227267,25.517656169318006,9.493756957233263,1.3645283674827777,2.0210971530618775,8.156824665841254,-9.099314238245562,Consumer Staples
WMT,2024-06-30,396859613894.3534,22.321435495514876,0.6594910224757482,13.78541443534262,4.460667451737461,0.5138847237611298,4.537495664107573,24.08019012988749,-8.67695774147637,Consumer Staples
WMT,2024-09-30,306009739885.3176,18.44879920423189,3.4403660901959796,9.561800522737233,3.336111094107045,1.9616412457637205,4.106014383131849,6.401794200565442,-7.3752908878171075,Consumer Staples
WMT,2024-12-31,387836377485.6092,33.845889735974026,0.7312517784615946,5.065790210692218,7.195767765414707,1.5159855702555896,4.22584302545948,12.547126075463243,8.406878334372028,Consumer Staples
